USERID,Recency,Frequency,Monetary
12346,164,11,373
12347,2,2,1323
12348,73,1,222
12349,42,3,2671
12351,10,1,301
12352,10,2,344
12353,43,1,318
12355,202,1,488
12356,15,3,3562
12357,23,2,12080
12358,10,3,2719
12359,60,6,2563
12360,14,5,1591
12361,97,3,321
12362,373,1,130
12366,268,1,500
12368,263,1,918
12369,48,3,1791
12370,259,3,775
12371,44,3,2179
12373,259,2,763
12374,56,3,2246
12376,24,2,503
12377,16,2,1798
12378,197,1,1408
12379,57,2,768
12380,100,7,6951
12385,14,1,1938
12386,1,1,259
12387,50,1,144
12388,80,2,1120
12389,37,3,1433
12391,99,5,2313
12392,226,1,235
12393,17,2,817
12395,6,4,2049
12396,309,1,931
12399,20,3,854
12400,49,1,205
12402,27,5,1031
12403,156,1,592
12404,317,1,63
12406,34,3,2975
12408,20,3,1452
12409,55,4,12347
12410,137,1,320
12411,44,1,347
12412,37,3,1370
12413,37,1,241
12414,98,3,390
12415,10,7,19544
12416,291,1,203
12417,45,11,3168
12418,48,3,1353
12419,20,2,503
12421,50,2,292
12422,29,14,4428
12423,22,2,763
12424,57,2,1579
12425,83,1,964
12426,297,1,762
12427,6,1,304
12429,0,5,3736
12431,8,13,4371
12433,1,5,7205
12434,16,1,297
12435,31,4,6096
12437,30,21,7732
12439,317,2,1158
12440,97,2,859
12441,1,1,174
12443,367,1,485
12445,55,1,302
12449,45,2,769
12450,34,3,490
12451,98,3,3634
12454,30,4,13151
12455,80,4,3413
12457,70,1,633
12458,62,2,830
12459,240,1,454
12460,91,1,327
12466,317,1,57
12467,58,1,133
12468,161,3,2941
12469,157,2,3071
12470,324,1,212
12471,9,49,20140
12472,4,13,11308
12474,13,13,5049
12475,44,1,426
12476,31,12,7299
12477,34,3,7057
12480,34,3,2183
12481,0,6,6765
12482,211,29,23691
12483,13,11,2636
12484,118,6,1828
12485,164,1,708
12486,66,1,1037
12487,365,1,285
12490,13,11,4406
12492,38,1,452
12494,0,3,627
12495,275,1,357
12496,255,2,54
12497,35,2,5205
12499,195,1,394
12500,70,8,1697
12503,219,1,1126
12504,52,2,297
12505,43,1,955
12507,219,1,539
12510,94,7,4195
12511,63,1,3084
12514,276,1,580
12516,65,2,1337
12519,111,1,386
12523,9,12,2582
12524,23,9,6640
12525,133,3,974
12527,129,2,387
12529,163,1,316
12530,50,5,2097
12531,321,1,1808
12533,262,2,1368
12537,43,1,733
12538,13,1,276
12539,85,3,5646
12540,13,16,8854
12542,119,2,482
12543,83,1,980
12547,135,1,176
12549,210,6,1576
12553,20,2,916
12554,83,1,468
12555,317,1,129
12557,6,4,6725
12562,20,2,1185
12563,43,1,249
12567,2,7,4309
12568,279,1,70
12570,317,1,78
12573,16,4,557
12575,92,2,623
12576,27,3,827
12577,16,5,996
12578,20,2,1848
12580,211,1,637
12582,57,2,1469
12583,8,13,7166
12586,9,3,1866
12588,34,3,744
12589,56,6,4049
12591,25,2,899
12592,154,3,2145
12594,13,5,1752
12595,139,1,299
12598,98,3,1511
12599,16,6,1264
12600,6,12,2445
12601,39,1,104
12605,11,4,1233
12606,317,1,21
12608,39,1,416
12609,9,6,2309
12613,23,5,3491
12615,48,4,3450
12616,23,1,418
12619,195,1,140
12621,0,16,11086
12623,51,6,3443
12625,144,2,2481
12629,20,2,1558
12631,91,5,2841
12632,155,2,805
12633,17,3,3514
12634,170,2,490
12635,27,2,1241
12636,373,1,141
12637,13,4,2318
12638,274,1,250
12639,69,2,826
12643,20,6,5006
12644,65,3,1441
12645,44,4,1764
12647,2,27,14202
12648,72,3,794
12649,17,5,1671
12651,13,3,264
12652,69,1,97
12653,161,1,1951
12655,58,1,261
12656,60,3,2357
12661,71,1,162
12662,8,10,3138
12663,259,2,239
12664,149,2,1188
12665,52,2,251
12666,29,1,1248
12668,13,6,7638
12670,20,2,764
12671,241,1,2622
12672,230,1,211
12673,36,1,620
12675,188,2,958
12676,43,5,1512
12677,190,2,395
12678,10,9,16653
12681,2,24,17081
12682,0,23,11746
12683,0,8,4220
12686,6,1,89
12687,115,2,2139
12691,55,1,135
12692,272,1,111
12693,31,3,847
12694,56,1,974
12695,163,3,825
12696,69,2,852
12698,225,1,340
12699,52,1,638
12701,164,4,1649
12703,268,3,723
12705,18,5,4894
12708,3,9,2601
12709,1,20,21357
12711,246,2,1339
12712,0,10,2798
12714,23,7,9385
12717,225,1,278
12720,4,6,2479
12721,20,2,1357
12724,18,3,1286
12725,6,4,2267
12726,22,4,1406
12727,77,3,1699
12728,18,1,234
12730,156,1,829
12731,77,5,6880
12733,24,3,2041
12734,9,2,529
12737,133,2,3710
12738,7,1,155
12739,20,2,1714
12741,164,2,406
12742,260,1,1202
12744,94,4,4038
12745,121,3,925
12746,175,1,255
12747,4,16,5081
12748,0,144,22880
12749,34,4,2806
12751,79,1,268
12755,0,10,5219
12758,94,5,7112
12759,21,5,3489
12760,90,1,348
12761,92,2,783
12763,4,1,320
12765,107,6,1405
12766,1,3,3079
12767,10,1,950
12768,85,1,169
12770,91,1,1895
12771,120,1,282
12773,199,1,124
12774,170,1,99
12775,23,2,300
12776,302,1,56
12777,92,1,519
12778,31,3,953
12779,6,7,2741
12780,233,1,337
12782,9,6,2287
12784,164,1,1230
12785,170,2,788
12786,244,1,728
12787,48,1,399
12788,98,4,445
12789,147,2,182
12790,45,1,267
12791,8,6,864
12792,169,1,426
12793,6,2,472
12796,263,1,381
12797,0,2,552
12798,56,1,1534
12799,164,1,219
12800,105,3,584
12801,135,1,1072
12802,77,6,1989
12803,28,1,1093
12804,100,2,327
12805,16,4,1435
12806,70,4,2879
12807,18,1,330
12808,3,3,422
12809,200,2,1267
12810,169,2,535
12811,13,2,519
12813,136,3,1688
12817,34,2,525
12819,93,1,541
12820,32,7,1747
12821,246,1,128
12823,29,13,4742
12825,156,2,519
12826,0,6,1481
12829,185,1,92
12831,98,2,236
12835,62,41,6043
12836,24,11,3973
12837,204,1,554
12838,8,9,2715
12839,2,13,4480
12840,72,3,1315
12841,4,17,3518
12842,39,2,799
12843,17,22,4886
12844,77,2,323
12846,317,1,16
12847,22,1,765
12848,310,1,208
12849,16,4,2040
12850,80,1,330
12851,112,1,149
12853,62,5,1950
12854,196,4,1670
12855,7,4,613
12857,71,4,2582
12858,18,1,178
12859,93,1,575
12860,328,1,55
12861,254,1,68
12862,60,2,1008
12863,14,5,2271
12864,143,1,152
12865,13,2,1755
12866,109,2,668
12867,32,6,3876
12868,8,3,640
12869,316,1,338
12870,10,3,1677
12871,74,1,363
12872,0,11,3086
12873,32,2,1653
12874,20,2,948
12875,106,3,1014
12876,29,2,1864
12877,36,8,1419
12880,16,2,640
12887,18,1,222
12889,16,4,385
12890,22,1,337
12891,93,8,510
12892,31,1,263
12894,210,1,157
12897,16,2,298
12898,98,2,311
12899,48,1,366
12900,57,1,340
12903,63,1,834
12905,211,2,1018
12907,30,2,509
12908,15,3,1026
12909,59,3,925
12910,14,5,2721
12911,186,1,1680
12913,3,9,4217
12914,35,1,224
12915,7,3,811
12916,77,3,1648
12917,35,5,3765
12918,261,1,10954
12920,206,3,324
12921,1,39,19334
12923,25,2,613
12924,28,8,1536
12925,227,1,35
12926,46,4,1548
12927,29,1,197
12928,13,7,2242
12931,15,42,50291
12932,174,8,1699
12933,15,5,1080
12934,371,1,182
12935,10,8,2083
12937,98,5,1593
12939,14,12,13683
12941,359,1,377
12942,0,1,259
12943,193,2,496
12945,291,1,437
12946,71,1,324
12947,8,1,304
12948,365,2,252
12949,17,14,11359
12951,21,9,2150
12953,157,1,499
12954,273,1,162
12956,319,3,414
12957,176,5,4689
12958,35,2,539
12959,119,1,151
12960,48,4,1322
12961,14,1,212
12963,0,5,1745
12964,72,1,132
12967,6,2,2646
12969,237,1,122
12970,15,6,1073
12971,1,33,4783
12972,48,4,1161
12973,48,1,386
12974,200,1,264
12975,71,6,2100
12976,13,7,2418
12977,136,3,478
12978,20,5,2503
12979,364,1,518
12980,21,12,8871
12982,29,7,2354
12983,233,1,490
12986,63,10,2730
12987,55,3,754
12989,59,18,6628
12990,52,4,546
12991,24,1,261
12992,360,1,93
12993,80,4,845
12996,10,1,356
12997,29,4,884
12998,127,3,920
13000,360,1,498
13001,39,20,14353
13002,51,2,293
13004,21,18,5995
13005,66,2,486
13007,214,1,175
13008,32,2,383
13009,307,1,234
13010,9,2,330
13011,7,1,51
13012,64,3,1311
13013,6,18,7815
13014,67,1,1915
13015,73,6,3240
13018,48,7,2485
13019,14,6,1230
13020,197,2,619
13021,9,8,2271
13022,64,1,65
13023,163,1,759
13024,105,2,556
13025,366,1,323
13026,123,4,758
13027,20,13,10423
13029,9,2,680
13030,3,1,428
13031,42,5,3419
13032,27,7,1833
13033,64,1,30
13034,4,2,280
13035,66,1,442
13036,319,1,307
13037,34,9,3034
13039,219,4,1011
13041,85,4,799
13042,233,3,1557
13044,127,10,4293
13045,36,2,504
13046,91,1,320
13047,8,17,5558
13048,71,5,2248
13049,24,2,752
13050,1,19,6508
13051,213,2,156
13052,55,6,2820
13053,256,1,128
13055,64,1,1107
13056,186,1,209
13057,165,3,722
13059,48,9,2120
13063,115,1,188
13064,185,2,561
13065,8,5,1055
13067,44,2,393
13069,4,16,5247
13070,94,3,523
13071,247,1,129
13073,46,2,418
13074,146,4,1379
13076,92,1,135
13077,1,8,2335
13078,1,32,16905
13079,52,1,199
13080,36,3,223
13081,6,19,30868
13082,59,12,3722
13083,60,1,92
13084,126,1,122
13085,314,6,2017
13086,17,1,439
13087,361,1,314
13088,52,1,236
13089,3,109,57912
13090,0,13,5192
13091,364,2,1976
13092,49,7,1662
13093,8,48,47111
13094,3,2,506
13096,29,1,420
13097,23,18,7379
13101,133,3,594
13102,0,14,5273
13103,72,2,466
13104,50,3,611
13105,71,1,72
13106,48,1,527
13107,48,5,3721
13108,7,2,748
13109,186,1,347
13110,72,5,1469
13111,353,1,322
13112,176,1,21
13113,1,14,6380
13114,365,1,234
13115,14,6,3200
13117,0,12,1659
13118,11,4,1218
13119,303,1,135
13123,107,2,507
13124,20,1,916
13125,158,1,159
13126,1,7,1899
13128,266,1,264
13129,87,2,233
13131,53,4,2240
13133,94,1,91
13134,37,2,682
13135,126,1,275
13136,10,8,3667
13137,21,8,4062
13138,7,2,505
13139,72,1,3138
13140,1,3,792
13141,20,12,5280
13143,219,1,405
13144,66,1,24
13145,7,4,805
13148,24,14,4915
13150,119,3,450
13151,260,2,1323
13152,52,7,2146
13154,34,3,1625
13155,3,3,778
13156,20,3,1587
13157,44,5,3946
13158,23,1,307
13161,135,1,366
13162,15,12,7587
13163,245,1,18
13164,204,2,372
13165,48,1,430
13166,49,1,467
13167,25,1,334
13168,177,1,556
13169,197,1,127
13172,35,1,70
13173,2,10,2286
13174,4,10,6678
13175,217,2,831
13177,65,1,230
13178,32,10,8334
13179,253,1,572
13180,242,1,86
13181,16,1,360
13183,29,6,3078
13187,259,3,131
13190,179,3,571
13191,293,1,165
13192,170,4,1647
13194,56,1,412
13195,49,1,172
13196,78,3,1271
13197,244,1,373
13198,22,2,1573
13199,1,30,6616
13201,137,4,1241
13202,29,7,1580
13203,21,6,1779
13204,366,1,967
13205,78,1,2803
13206,35,13,8377
13207,86,2,286
13208,84,3,765
13209,149,5,2618
13211,16,7,1532
13213,18,6,2331
13214,52,7,3264
13215,37,1,82
13217,290,1,132
13219,253,1,76
13220,210,1,517
13222,212,1,88
13223,58,4,806
13225,56,9,9796
13226,28,1,204
13230,0,17,3554
13233,55,2,571
13234,307,2,357
13237,22,1,643
13238,65,2,306
13239,72,4,1265
13240,0,5,1075
13241,46,1,116
13242,86,4,429
13243,84,4,678
13245,67,1,559
13246,28,5,1400
13249,36,6,898
13250,95,2,256
13251,37,1,253
13252,29,2,399
13253,65,2,1921
13254,11,1,51
13255,8,2,505
13257,71,1,150
13258,14,2,337
13259,32,8,1141
13262,24,2,373
13263,28,4,1251
13264,77,1,723
13266,48,7,2301
13267,1,18,5237
13269,4,14,3545
13270,1,1,590
13274,44,1,361
13275,18,2,242
13276,32,3,1348
13277,15,3,265
13278,34,3,893
13280,14,4,1508
13281,74,1,351
13282,41,1,181
13283,202,2,280
13285,235,2,655
13286,235,1,735
13287,238,3,782
13288,78,5,928
13289,358,1,308
13290,73,1,209
13291,49,10,2960
13292,50,3,416
13293,27,6,1193
13294,281,1,816
13295,11,3,901
13296,58,5,705
13297,20,3,2279
13299,58,2,1076
13300,23,2,914
13302,161,1,95
13303,35,1,62
13304,90,3,918
13305,7,7,1754
13306,65,1,54
13307,122,2,258
13308,231,1,285
13309,27,1,250
13310,15,2,409
13312,86,1,125
13313,114,7,1890
13315,324,1,310
13316,27,6,7214
13317,20,13,4212
13319,0,34,11237
13320,69,2,679
13324,63,8,3392
13326,67,1,282
13327,0,14,6252
13329,1,7,4324
13330,90,3,1665
13331,36,1,262
13333,46,3,1016
13334,171,2,2727
13337,181,1,1575
13338,176,3,1959
13340,52,5,11364
13346,97,6,299
13357,129,4,3228
13359,38,1,604
13360,66,4,1554
13361,107,2,1450
13362,13,3,2303
13363,44,1,731
13367,66,1,510
13368,49,2,498
13369,0,1,308
13370,6,1,755
13371,140,2,2298
13373,50,3,4275
13374,49,2,423
13375,79,1,1014
13377,31,2,1553
13380,67,1,62
13381,14,6,4585
13382,63,4,1165
13383,178,1,305
13384,25,4,2529
13386,49,2,835
13387,52,1,189
13388,238,1,509
13392,312,1,91
13393,218,4,1131
13394,14,11,4102
13395,35,2,873
13397,72,5,1648
13398,83,1,213
13399,99,3,275
13400,217,1,311
13402,7,3,914
13403,22,2,154
13405,116,3,641
13406,62,2,569
13407,213,3,2245
13408,6,46,23616
13410,28,4,1199
13412,255,1,487
13413,274,6,429
13414,98,3,1104
13415,107,4,801
13416,371,1,228
13417,182,4,1029
13418,7,15,6106
13421,41,6,2252
13423,63,1,217
13424,84,1,573
13425,143,2,1779
13426,17,12,4526
13427,112,3,424
13428,149,2,282
13431,41,6,2047
13432,206,2,439
13433,136,4,658
13434,20,3,1133
13435,11,2,665
13438,182,1,46
13439,23,2,703
13440,58,7,1295
13441,66,1,424
13442,302,3,420
13443,83,6,1280
13444,9,2,632
13445,261,1,242
13446,65,11,3882
13448,8,9,5702
13450,9,7,2076
13451,16,6,4215
13452,107,1,140
13453,37,1,425
13454,276,1,220
13455,1,5,1848
13457,323,2,148
13458,14,2,2313
13459,259,2,1160
13461,42,3,2715
13462,45,4,1002
13464,29,5,2423
13465,81,2,931
13466,43,4,705
13468,3,38,7686
13469,288,1,82
13472,98,2,592
13473,209,6,2235
13474,78,2,434
13476,41,3,823
13477,90,5,1380
13478,104,5,2216
13479,87,2,550
13480,51,2,628
13481,9,6,2026
13482,262,1,151
13484,18,2,477
13485,11,10,2565
13487,140,2,271
13488,2,11,6620
13490,289,1,154
13491,7,18,3351
13495,3,6,3329
13497,3,5,972
13498,365,1,327
13500,36,1,300
13501,121,2,1545
13502,50,2,488
13503,114,5,1689
13506,4,4,1181
13508,277,1,176
13509,142,1,135
13510,10,7,2767
13511,311,1,283
13512,22,3,462
13513,76,2,619
13514,63,3,664
13515,84,2,375
13516,52,1,296
13519,77,1,220
13520,6,6,3285
13523,1,2,1137
13526,373,2,1182
13527,53,5,2396
13530,269,1,403
13531,1,5,1255
13534,14,10,1851
13535,37,1,90
13537,60,2,718
13538,31,5,1832
13539,55,4,938
13540,102,3,632
13541,62,2,785
13542,11,17,4006
13543,269,2,1440
13544,46,4,538
13545,25,2,375
13546,17,2,465
13547,43,1,176
13548,106,1,227
13549,22,1,88
13550,18,1,350
13551,301,1,152
13552,63,10,3239
13553,309,1,518
13554,15,7,1638
13555,13,9,4850
13556,64,2,201
13557,50,11,2448
13559,147,2,990
13561,32,10,1679
13562,36,5,3039
13564,3,35,15501
13565,46,1,175
13566,69,3,833
13567,63,4,1084
13569,2,3,520
13571,17,14,2454
13573,14,4,622
13574,46,1,421
13576,8,11,4834
13577,17,7,1802
13578,44,1,148
13579,4,4,1072
13580,41,1,108
13581,49,1,163
13582,24,2,242
13583,314,1,664
13584,133,2,250
13585,165,3,685
13586,176,1,132
13587,84,3,961
13589,84,4,741
13590,10,12,4368
13591,70,4,977
13593,22,9,3487
13594,120,1,136
13595,151,3,818
13597,35,2,397
13598,130,4,609
13599,1,14,5014
13600,269,1,299
13601,27,2,492
13602,16,3,596
13604,293,1,718
13605,22,2,523
13607,37,1,400
13608,175,1,236
13609,228,1,167
13610,22,7,1044
13611,9,7,2148
13612,267,1,818
13613,87,5,1040
13614,28,2,749
13615,34,7,5855
13616,203,2,288
13617,43,5,735
13619,179,2,232
13620,163,1,112
13622,331,1,659
13623,15,5,1819
13624,23,1,462
13625,231,1,301
13626,14,1,450
13627,123,2,607
13628,311,1,310
13629,48,8,5578
13632,29,3,1527
13634,9,11,3498
13635,77,3,1928
13639,71,1,313
13640,246,1,405
13641,275,5,1016
13642,67,3,160
13643,17,7,1637
13646,34,2,326
13647,129,4,1394
13648,35,8,1764
13649,1,5,1332
13650,9,4,1452
13651,16,1,133
13652,3,3,1476
13653,122,1,152
13654,15,5,3601
13655,9,4,1348
13656,134,2,699
13658,18,4,3386
13659,51,10,3322
13660,35,1,315
13661,238,1,325
13662,20,8,1352
13663,15,4,1858
13665,21,3,1712
13666,55,2,43
13668,18,14,6726
13669,42,1,195
13671,29,1,195
13672,365,1,234
13674,67,1,241
13676,174,2,244
13677,39,2,556
13679,128,3,281
13680,106,8,7713
13683,92,1,259
13684,25,3,530
13686,15,2,337
13687,73,1,11881
13688,270,1,376
13689,79,1,350
13691,31,1,213
13692,43,2,1626
13693,9,9,2012
13694,8,94,131443
13695,212,1,267
13696,56,3,2020
13698,231,2,466
13699,185,1,456
13700,52,3,348
13701,81,1,161
13702,80,1,135
13703,50,1,326
13705,8,5,1323
13706,261,1,300
13707,64,3,2559
13709,81,5,1264
13710,58,2,329
13711,41,7,1540
13712,245,1,538
13713,43,3,743
13714,100,1,161
13715,7,13,7404
13717,92,2,318
13719,28,6,1774
13721,30,1,217
13722,55,7,3260
13723,27,5,1009
13724,272,1,213
13727,246,6,747
13728,22,10,1839
13729,70,3,725
13733,45,2,487
13734,143,4,6702
13735,11,9,6928
13736,60,5,2034
13738,31,1,441
13739,162,1,75
13740,50,4,1247
13745,181,1,477
13746,48,1,177
13747,8,2,170
13748,8,5,1320
13750,15,6,1955
13752,162,1,404
13753,233,3,1353
13754,72,1,164
13756,2,10,4018
13757,309,1,196
13758,1,10,6226
13760,39,3,1077
13761,137,4,882
13762,228,4,2166
13763,52,2,3502
13764,204,3,1432
13765,288,1,353
13766,130,1,190
13767,4,39,18320
13768,361,2,876
13769,2,11,3004
13770,57,4,785
13771,168,5,3094
13772,35,5,1982
13773,31,2,302
13775,225,1,1050
13776,63,2,624
13777,1,37,30501
13778,126,3,946
13779,150,1,161
13780,42,1,376
13781,227,2,651
13782,88,7,882
13783,122,4,1542
13784,69,3,447
13785,63,4,542
13786,2,6,3129
13787,93,4,913
13788,140,1,4
13789,23,1,239
13792,57,1,188
13793,281,1,96
13794,181,1,126
13795,23,4,836
13796,134,1,290
13797,71,3,1179
13798,7,54,38683
13799,79,7,2115
13800,65,2,1121
13802,9,16,21660
13803,66,2,1062
13804,70,2,573
13807,2,3,422
13809,29,2,525
13813,162,4,1399
13814,162,1,678
13815,41,4,3448
13818,64,1,61
13819,304,3,1502
13820,53,3,661
13821,28,4,1025
13823,15,5,2446
13824,14,7,1616
13825,256,2,256
13829,56,1,102
13830,216,1,157
13831,4,13,4821
13832,57,1,561
13833,39,1,317
13834,211,2,324
13835,154,3,261
13836,34,2,620
13838,4,7,1274
13839,121,1,140
13840,51,1,651
13842,1,10,2244
13843,16,1,320
13846,34,1,443
13847,354,1,311
13848,1,6,2080
13849,32,3,1931
13851,14,5,1955
13852,245,1,187
13854,0,15,4144
13855,135,4,1310
13856,98,8,754
13857,28,6,1001
13859,164,1,315
13861,64,2,273
13862,24,1,347
13863,100,3,934
13864,21,1,662
13869,16,6,5007
13870,22,7,2941
13871,63,4,1483
13872,162,3,920
13873,18,5,649
13874,139,6,1509
13875,22,9,3028
13877,105,2,332
13878,182,3,1192
13879,280,1,396
13880,2,5,1172
13881,10,23,28020
13883,38,10,3886
13884,11,5,1101
13888,39,5,1563
13889,17,5,1574
13890,9,4,1044
13891,13,3,864
13892,112,2,635
13895,150,2,1415
13896,260,1,389
13897,73,2,850
13898,46,1,530
13900,24,3,870
13901,9,10,2809
13902,267,5,34095
13903,35,1,165
13905,367,1,313
13906,44,1,42
13907,326,1,137
13909,58,2,287
13911,14,11,1654
13912,58,1,125
13913,141,1,42
13915,29,1,71
13916,98,4,1276
13919,59,2,976
13920,66,4,1775
13921,37,4,731
13922,72,2,693
13927,72,1,359
13929,51,9,2651
13931,27,9,4020
13935,231,3,6117
13936,17,2,563
13937,37,1,721
13939,66,4,992
13941,7,11,6009
13942,169,1,320
13943,212,1,247
13944,288,1,200
13945,29,2,854
13946,11,3,1315
13948,46,3,447
13952,15,12,9572
13953,44,5,3125
13955,10,1,222
13957,52,3,458
13958,14,8,4709
13959,34,3,478
13961,27,1,538
13962,70,1,193
13963,2,14,2347
13964,22,2,439
13965,111,3,997
13966,70,1,391
13967,31,1,86
13968,58,1,124
13969,0,18,4312
13970,21,2,847
13971,58,6,1909
13974,217,1,264
13975,28,6,2833
13976,141,3,834
13977,46,1,520
13979,28,6,2546
13980,74,4,600
13981,50,1,331
13982,0,6,2574
13983,1,10,4505
13984,1,8,1128
13985,9,7,2961
13987,14,2,683
13988,18,2,610
13989,99,3,760
13992,15,2,143
13993,14,10,3309
13995,14,9,2508
13996,21,2,896
13997,154,3,382
13998,81,3,567
13999,9,17,5600
14000,49,4,1411
14001,8,7,2487
14003,367,1,209
14004,28,4,1676
14006,163,4,1234
14007,147,1,79
14008,67,1,509
14009,97,1,404
14010,200,2,445
14011,115,2,458
14013,15,2,612
14014,11,2,1443
14016,31,7,7062
14017,206,1,230
14018,280,1,367
14020,111,2,606
14021,9,4,1085
14022,121,1,352
14024,25,1,318
14025,99,8,4058
14026,105,2,713
14028,185,3,10396
14030,1,14,5902
14031,0,27,23712
14032,1,6,1875
14033,190,1,109
14035,41,4,1429
14037,113,4,690
14038,32,2,1510
14039,210,1,115
14040,21,23,9031
14042,360,1,432
14043,126,2,304
14044,53,6,2470
14045,8,13,9653
14047,7,10,2946
14048,17,2,339
14049,22,9,7557
14051,1,15,6824
14052,25,1,255
14053,32,2,312
14055,212,2,795
14057,16,5,2191
14058,97,2,469
14060,1,13,3379
14061,142,3,917
14062,9,12,15139
14063,73,9,22710
14064,65,10,1979
14065,24,3,891
14068,238,3,1263
14069,149,2,230
14070,319,1,327
14072,301,1,391
14074,258,1,219
14075,38,3,793
14077,30,1,116
14078,8,4,643
14079,317,1,244
14080,48,4,1070
14081,4,9,4436
14082,27,1,231
14083,6,3,389
14084,147,1,150
14085,3,16,5656
14086,97,1,40
14087,39,2,652
14088,41,3,13545
14091,289,2,9530
14092,9,10,3153
14094,74,1,335
14095,357,1,3
14097,116,2,423
14099,10,9,2662
14101,23,7,3985
14103,300,1,0
14104,24,3,555
14105,43,4,4723
14106,372,1,215
14107,83,4,2174
14108,366,2,447
14110,70,21,7305
14112,86,6,2919
14113,10,12,5252
14114,30,5,978
14115,136,2,623
14118,63,1,458
14119,10,2,183
14122,41,3,362
14123,368,1,436
14126,79,1,466
14127,15,3,1190
14128,186,1,287
14129,34,4,1467
14130,10,3,1399
14131,283,1,188
14133,368,1,306
14134,17,15,11123
14135,2,11,4954
14136,35,5,1571
14137,330,1,333
14139,125,3,671
14142,8,2,671
14144,121,1,31
14145,94,3,3858
14146,18,7,5259
14147,23,7,2107
14148,49,1,309
14151,308,2,679
14152,22,5,1376
14153,118,1,233
14154,16,6,5115
14156,6,102,196567
14157,24,3,570
14159,14,9,3245
14160,245,7,8421
14161,4,5,2208
14163,97,1,149
14166,140,2,257
14167,99,4,722
14168,55,2,370
14169,65,2,624
14170,10,3,597
14171,365,1,135
14172,240,3,403
14173,276,2,135
14175,53,5,4457
14176,2,2,339
14177,16,9,1670
14180,7,9,1571
14181,45,2,311
14182,78,4,679
14183,46,2,286
14186,62,5,1551
14187,108,1,124
14189,3,2,1160
14190,301,1,80
14191,29,2,133
14192,23,1,294
14193,31,1,357
14194,27,15,7321
14195,74,4,1604
14197,45,1,390
14198,35,5,868
14199,58,3,906
14200,252,1,379
14201,44,3,446
14202,16,3,848
14203,32,1,339
14204,57,3,902
14205,29,7,1948
14206,23,2,857
14207,322,1,158
14208,186,1,415
14209,20,9,2920
14210,6,11,3956
14211,46,9,2161
14212,80,1,1120
14213,39,1,1192
14215,3,4,1627
14216,49,1,311
14217,1,7,1412
14219,44,2,544
14220,202,2,883
14221,84,8,3085
14224,25,5,848
14225,69,4,2037
14226,76,1,770
14227,49,5,3018
14228,72,3,746
14229,38,4,1047
14230,70,3,980
14231,85,1,310
14233,100,3,1442
14235,133,4,1573
14236,7,4,1254
14237,8,2,471
14238,297,2,287
14239,66,10,1882
14240,58,1,357
14241,331,1,120
14243,0,8,4842
14244,295,1,366
14247,39,4,636
14248,94,2,730
14249,45,12,5625
14252,16,1,351
14253,128,2,363
14254,67,1,601
14255,181,1,1001
14256,126,3,1505
14257,15,4,2855
14258,30,16,19381
14260,106,3,824
14263,58,1,323
14264,14,4,1183
14265,99,2,843
14266,63,1,41
14268,105,1,355
14269,74,1,296
14271,44,1,107
14272,197,2,483
14274,321,1,257
14275,30,6,1189
14276,42,4,983
14277,46,6,13010
14278,44,1,206
14279,155,2,192
14281,43,1,245
14282,2,11,4120
14283,98,4,628
14284,288,1,704
14285,148,4,1374
14286,39,4,3851
14290,48,3,2202
14291,15,12,4021
14292,45,7,4354
14293,3,6,2221
14294,42,1,375
14295,73,4,2197
14296,56,2,456
14298,10,38,39667
14299,0,19,10534
14301,51,3,1352
14302,65,3,743
14303,42,2,278
14304,14,2,1342
14306,13,4,1058
14307,8,5,2075
14308,184,2,1147
14309,48,2,1428
14310,67,1,492
14311,202,1,206
14312,13,5,1479
14314,65,1,110
14315,199,2,717
14316,57,5,1370
14318,95,1,158
14319,59,1,495
14320,181,3,869
14321,66,2,687
14322,64,4,474
14324,44,2,702
14325,204,1,245
14326,98,2,757
14327,17,5,1583
14328,73,1,445
14329,10,8,4912
14330,258,1,201
14332,16,2,1077
14334,60,4,1766
14338,171,1,340
14339,63,1,311
14341,55,10,2285
14342,67,2,250
14343,56,4,1089
14344,2,14,2444
14346,60,3,1294
14347,371,1,83
14350,15,2,689
14353,45,2,286
14355,0,3,840
14358,24,2,400
14361,213,1,215
14363,37,2,227
14365,29,2,635
14366,160,1,136
14369,277,2,469
14370,85,6,1176
14372,78,2,860
14374,176,1,108
14375,85,2,875
14376,318,1,215
14378,256,1,131
14379,28,2,921
14380,317,1,49
14381,86,1,429
14382,25,1,621
14384,135,1,58
14388,7,9,3488
14389,59,3,855
14390,7,5,1747
14391,211,1,136
14392,67,1,266
14394,199,1,94
14395,7,12,4700
14396,6,6,1634
14398,36,2,708
14399,29,8,2113
14400,43,2,1158
14401,59,9,2744
14402,287,1,286
14403,224,2,405
14404,4,8,1425
14405,21,1,195
14408,106,4,1503
14409,3,5,1697
14410,11,2,1546
14412,59,1,656
14413,45,3,648
14414,9,1,902
14415,14,10,6191
14417,22,1,604
14419,17,1,203
14420,31,3,1252
14421,147,4,1656
14422,9,13,6008
14423,72,2,651
14425,69,3,661
14426,38,7,7246
14427,129,2,900
14429,38,1,516
14430,146,3,1221
14431,14,3,2144
14433,100,1,290
14435,136,1,90
14436,188,1,183
14437,0,5,896
14439,78,4,6782
14440,0,9,4281
14441,9,7,2899
14442,49,5,3777
14443,3,2,966
14444,91,1,132
14445,90,1,222
14446,21,1,202
14447,35,1,548
14449,7,5,1576
14450,14,4,645
14451,24,10,2646
14452,30,2,401
14454,11,5,977
14455,67,4,628
14458,15,1,237
14459,286,1,3538
14460,31,6,659
14461,17,10,4610
14462,67,1,266
14463,134,1,257
14464,203,2,111
14465,63,8,2887
14466,7,7,2374
14467,24,8,1622
14468,368,1,204
14469,51,4,2112
14470,65,1,251
14471,226,2,401
14472,324,1,291
14474,214,1,730
14475,43,1,225
14477,71,3,660
14478,17,4,1277
14479,0,3,983
14480,37,3,1020
14481,42,3,1675
14482,14,6,2290
14483,371,1,120
14484,36,3,749
14486,146,2,176
14487,3,2,257
14489,72,3,1112
14490,41,2,1273
14491,7,1,127
14492,65,7,1922
14493,25,5,2747
14494,36,2,262
14495,294,1,51
14496,8,6,2129
14497,308,1,222
14498,36,5,1954
14499,9,4,1324
14505,39,11,6096
14506,4,3,1278
14507,13,5,1901
14508,11,3,599
14509,169,1,111
14510,10,3,1007
14512,18,5,948
14513,71,3,332
14514,71,6,3544
14515,22,6,1647
14516,151,1,164
14519,318,2,206
14521,126,1,199
14522,230,4,784
14524,44,4,1066
14525,63,8,3908
14526,24,1,262
14527,0,69,19283
14530,31,10,3271
14531,114,1,376
14532,46,7,2926
14533,42,4,1517
14534,32,8,1824
14535,30,6,3167
14537,258,1,286
14538,165,3,983
14540,14,8,2799
14541,51,6,1038
14543,15,23,11276
14544,105,1,958
14545,309,1,349
14546,11,6,2620
14548,119,7,1975
14549,55,3,627
14550,23,2,588
14551,46,5,694
14552,15,2,346
14553,46,4,982
14555,16,4,1991
14556,231,3,835
14558,289,3,656
14559,25,1,76
14560,14,22,3876
14562,25,8,1655
14563,144,2,679
14564,69,2,2606
14565,108,1,760
14566,52,3,2660
14568,70,1,920
14569,87,3,372
14570,78,1,396
14571,60,1,162
14572,52,4,2782
14573,7,5,968
14574,367,1,144
14575,123,1,461
14576,7,1,35
14577,29,3,515
14579,67,1,106
14580,153,1,15
14581,179,1,295
14583,18,3,728
14584,56,4,706
14585,17,4,986
14588,213,1,135
14589,6,1,40
14590,59,20,3007
14593,32,9,3094
14594,8,1,255
14595,88,2,424
14596,261,1,229
14597,14,4,1318
14598,204,1,162
14599,25,2,475
14600,28,1,472
14602,291,1,205
14604,268,1,144
14605,9,4,937
14606,1,102,18704
14607,102,8,7568
14608,14,7,1568
14609,25,6,885
14610,30,2,24
14611,78,2,604
14612,50,1,878
14613,315,1,76
14614,21,1,295
14615,29,5,952
14616,20,2,122
14617,37,2,190
14618,11,4,789
14619,176,1,897
14621,146,4,1212
14623,15,5,1170
14624,50,4,588
14625,9,9,3598
14626,30,7,2620
14627,14,1,463
14628,77,3,1326
14630,119,1,339
14631,21,3,1019
14634,72,4,2124
14635,88,1,215
14637,312,1,107
14639,43,3,1994
14640,44,4,1542
14643,252,3,986
14644,49,5,1417
14645,269,1,280
14646,9,78,248396
14647,158,1,277
14648,51,15,4547
14649,17,5,2358
14650,223,1,62
14651,29,7,1380
14653,148,5,1667
14654,373,1,247
14655,23,3,1946
14656,50,3,524
14657,64,2,613
14662,62,3,645
14663,65,2,491
14665,62,2,914
14667,0,31,12686
14668,80,1,112
14669,268,4,1974
14670,367,1,190
14671,184,2,1127
14672,150,2,348
14673,2,3,1674
14674,144,1,174
14675,23,1,462
14676,29,6,5809
14677,227,1,185
14678,214,1,403
14679,16,3,1289
14680,6,43,28659
14681,22,3,376
14682,63,4,1463
14683,223,1,147
14684,25,1,232
14685,211,8,4620
14686,49,5,886
14687,35,2,774
14688,8,8,2083
14690,27,2,423
14692,15,8,1154
14693,60,6,992
14694,252,1,244
14695,154,3,1620
14696,8,2,689
14699,70,3,593
14700,50,2,881
14701,77,6,2013
14702,0,13,3462
14704,59,2,267
14706,253,1,391
14707,70,2,139
14708,3,3,1086
14709,14,12,3965
14710,14,9,1316
14712,53,1,411
14713,0,11,2753
14714,42,3,746
14715,77,4,973
14716,79,1,236
14717,368,1,81
14718,45,1,226
14721,14,1,116
14722,112,2,325
14723,6,7,935
14724,225,1,345
14725,29,3,597
14726,289,1,125
14727,181,2,199
14728,48,1,191
14729,8,3,594
14732,27,11,2815
14733,2,4,6599
14734,60,4,1056
14735,23,24,6174
14736,120,2,401
14737,35,1,2390
14738,195,2,507
14739,2,19,8385
14740,44,8,2713
14741,7,2,497
14742,70,1,580
14743,227,1,50
14744,1,8,2785
14745,136,7,1352
14746,41,4,594
14748,3,7,1737
14749,114,1,310
14750,371,1,112
14751,319,2,126
14753,95,1,306
14754,60,4,912
14755,16,14,4962
14756,17,2,1915
14758,31,3,1381
14761,79,1,192
14762,261,1,117
14766,1,6,4083
14767,109,1,383
14769,25,9,5097
14770,102,6,2761
14771,256,2,595
14773,227,1,141
14774,163,1,241
14775,7,1,407
14776,22,4,1170
14777,38,1,308
14783,294,1,307
14784,24,1,160
14786,185,1,91
14787,106,1,111
14788,231,1,477
14790,9,6,1782
14791,241,1,304
14793,170,1,397
14794,37,3,634
14796,1,11,2867
14797,142,1,300
14798,16,5,551
14799,372,1,180
14800,4,6,3435
14802,73,2,1503
14805,39,3,550
14806,74,1,110
14807,25,2,519
14809,256,2,687
14810,4,3,449
14811,22,1,170
14812,233,1,186
14813,4,4,935
14814,216,1,160
14817,30,5,2850
14818,93,3,513
14819,129,2,198
14820,15,5,767
14821,1,7,1238
14822,120,1,158
14824,14,6,2895
14825,3,13,2698
14826,216,2,385
14827,300,1,0
14828,23,10,7700
14829,7,4,995
14831,315,3,1677
14832,265,1,323
14833,133,1,95
14834,42,1,486
14835,163,2,297
14837,77,5,1811
14838,58,2,774
14839,53,3,915
14840,174,1,300
14841,9,8,3867
14843,71,1,212
14844,65,6,3513
14845,234,1,150
14846,62,1,437
14847,42,2,1040
14848,39,1,311
14849,8,21,7833
14850,52,6,1468
14851,265,1,318
14852,59,12,3310
14853,58,3,901
14854,25,4,1563
14855,109,5,5875
14857,77,5,2479
14858,140,1,181
14859,189,1,352
14861,15,9,1255
14865,7,3,78
14866,1,8,6460
14867,30,13,2242
14868,15,4,1230
14869,23,4,2079
14870,48,5,1512
14871,128,5,737
14872,118,3,817
14873,268,1,334
14874,170,1,116
14875,76,1,1397
14876,156,2,257
14877,53,2,437
14878,11,16,2620
14879,319,1,185
14882,25,12,3038
14884,304,1,121
14885,62,2,833
14890,253,2,692
14891,51,2,552
14892,325,1,202
14893,252,1,572
14894,78,2,837
14895,18,18,13981
14896,0,7,1624
14897,44,4,1774
14898,6,9,2204
14899,30,1,1385
14900,157,1,14
14901,1,5,868
14902,30,2,703
14904,43,2,615
14905,9,6,1355
14906,80,1,68
14907,2,10,2665
14908,98,1,104
14909,72,3,1405
14911,0,205,152148
14912,36,4,1021
14913,23,4,2846
14915,10,9,1504
14916,66,4,1774
14917,231,2,1124
14918,39,7,4346
14919,174,1,359
14920,200,1,629
14922,28,2,844
14924,245,2,621
14926,16,2,359
14927,31,1,308
14928,262,1,224
14929,56,1,613
14930,105,3,2874
14932,0,2,666
14933,78,4,1770
14934,13,3,1613
14935,254,1,1065
14936,25,4,4274
14938,197,2,2322
14940,52,2,531
14941,213,1,182
14942,36,4,747
14943,298,1,108
14944,24,7,3884
14945,48,1,179
14947,23,4,759
14949,104,4,515
14952,31,21,9530
14953,53,3,724
14954,338,1,167
14955,367,1,164
14956,56,1,1325
14957,279,1,275
14958,230,3,458
14961,14,13,9365
14962,174,3,240
14963,14,7,1677
14966,22,5,925
14967,76,5,1519
14968,93,1,357
14969,338,1,906
14970,44,8,3327
14972,16,1,30
14975,56,1,192
14977,360,1,32
14978,65,5,1211
14979,370,1,439
14980,372,1,151
14981,58,1,271
14982,207,1,238
14983,324,1,183
14984,23,4,1058
14986,11,2,567
14987,0,7,1387
14988,15,6,1732
14989,296,1,342
14990,247,2,305
14991,65,1,315
14992,77,1,210
14993,198,1,36
14994,17,5,961
14996,116,2,442
14997,290,1,230
14998,63,2,341
14999,227,1,129
15001,29,2,231
15002,2,6,3176
15003,108,6,1061
15005,1,29,7790
15006,88,1,323
15008,115,2,360
15011,30,2,417
15012,8,2,438
15013,122,10,1641
15015,136,13,2365
15016,28,4,460
15018,2,1,111
15020,14,1,203
15021,1,4,869
15022,312,1,281
15023,4,10,5368
15024,2,8,2414
15025,203,1,636
15026,10,2,593
15027,30,6,2129
15028,3,3,531
15029,254,1,365
15030,15,6,1462
15031,29,10,2488
15032,1,7,8822
15034,21,6,4005
15037,11,2,403
15038,4,4,604
15039,3,47,20117
15040,176,1,7
15041,79,1,114
15042,230,1,180
15043,98,5,2337
15044,14,18,8504
15046,60,10,2599
15048,3,1,99
15050,56,2,2412
15051,14,6,2544
15055,109,3,560
15056,155,1,133
15057,78,3,1766
15058,11,5,1285
15059,11,10,2186
15061,2,86,83284
15062,58,4,1598
15064,45,4,1254
15065,45,1,169
15067,48,2,2133
15068,53,2,623
15070,7,3,737
15071,21,2,473
15072,114,1,188
15073,35,5,1745
15074,64,2,817
15076,127,2,567
15077,129,2,2428
15078,3,23,8019
15079,0,8,2872
15080,62,2,546
15081,2,8,1461
15082,303,1,93
15084,14,2,965
15085,364,1,348
15086,199,2,219
15091,309,2,566
15092,97,1,319
15093,7,18,9729
15094,98,2,83
15095,55,6,1771
15097,218,2,660
15100,1,6,2019
15101,150,4,1160
15102,165,2,555
15105,65,2,796
15107,7,4,621
15109,214,2,498
15110,38,2,510
15111,7,3,1163
15112,246,1,209
15114,18,2,640
15115,367,1,192
15117,83,3,934
15122,57,8,2864
15123,56,3,2457
15124,111,2,267
15125,114,9,5496
15126,171,2,449
15127,154,1,305
15128,65,1,313
15129,20,12,3413
15131,29,1,80
15133,17,2,824
15134,16,2,208
15135,191,1,167
15137,155,2,823
15138,28,1,503
15140,77,1,889
15141,92,7,1388
15142,45,5,2121
15143,67,1,304
15144,14,12,5580
15149,211,4,1034
15150,91,3,3687
15151,58,2,2086
15152,336,1,518
15154,113,2,1092
15155,18,1,384
15157,204,2,718
15158,36,1,205
15159,30,4,3476
15160,9,3,431
15161,23,1,120
15162,366,1,313
15164,24,6,1226
15165,8,1,488
15166,102,1,167
15167,42,4,1497
15169,17,2,569
15170,41,1,81
15173,15,7,1495
15174,45,1,346
15176,302,1,988
15177,60,1,949
15179,27,8,5285
15180,2,3,817
15181,55,2,511
15182,20,9,2376
15183,182,3,640
15184,22,2,283
15186,109,3,992
15188,360,1,310
15189,16,5,1299
15190,69,1,834
15191,98,3,588
15192,0,3,937
15194,3,14,4811
15196,67,2,316
15197,29,3,798
15198,43,3,378
15199,9,6,1854
15200,129,1,549
15201,74,2,606
15202,55,3,6001
15203,25,9,2572
15207,51,3,684
15208,58,1,100
15209,365,1,179
15210,13,2,845
15211,0,1,383
15212,11,1,106
15215,28,4,1687
15216,253,1,389
15217,198,1,426
15218,24,11,5760
15219,283,1,380
15221,1,4,2062
15222,107,10,2966
15223,244,3,662
15224,147,3,549
15227,31,4,1269
15228,63,2,2194
15229,221,1,160
15231,256,1,250
15233,36,1,59
15235,4,6,690
15240,9,7,2753
15241,65,3,1294
15242,57,1,302
15243,70,1,611
15244,301,1,281
15245,37,5,2095
15246,190,1,266
15247,112,2,620
15248,46,3,1894
15249,65,5,2578
15250,275,1,60
15251,49,10,9840
15252,56,3,1363
15253,38,3,1137
15254,181,2,788
15255,31,8,2839
15256,196,1,72
15257,49,1,369
15259,147,4,1182
15260,7,20,7377
15261,16,3,1253
15262,15,2,240
15264,165,1,455
15265,239,2,1840
15266,14,4,733
15268,113,3,962
15269,15,2,817
15270,35,14,6145
15271,0,10,2202
15272,85,4,1364
15273,234,1,229
15276,29,3,514
15277,60,1,220
15278,196,4,496
15279,15,4,1290
15280,123,2,293
15281,13,7,6211
15282,205,1,349
15283,25,3,148
15284,135,1,25
15285,42,1,95
15287,14,3,369
15288,0,6,1577
15289,93,2,653
15290,28,8,2553
15291,8,26,9178
15293,300,1,248
15294,45,1,233
15295,289,1,217
15296,55,6,6670
15298,1,12,4659
15299,7,6,3485
15301,3,6,2533
15302,365,1,308
15303,200,2,650
15304,3,2,225
15305,190,1,94
15306,135,6,2310
15309,245,4,798
15310,113,1,1635
15311,0,121,56003
15312,18,8,2005
15314,48,2,492
15317,312,1,130
15321,72,9,3961
15322,111,1,711
15323,197,3,435
15324,336,1,140
15325,30,7,1440
15326,244,4,1389
15328,42,1,107
15329,9,8,1935
15331,134,3,768
15332,1,6,4893
15336,36,1,240
15337,46,1,373
15338,312,1,283
15339,56,5,1254
15340,196,1,106
15341,84,1,382
15346,60,2,344
15347,1,4,1162
15350,8,2,548
15351,4,4,1778
15352,183,1,115
15353,2,6,2399
15354,238,3,284
15356,3,4,698
15358,0,22,8703
15359,297,8,181
15361,161,3,270
15362,83,2,613
15363,7,2,678
15365,38,6,2243
15366,44,5,1787
15367,53,7,3204
15368,29,1,276
15369,127,11,6251
15370,45,1,1353
15371,297,1,59
15372,85,7,4010
15373,6,6,1005
15374,259,1,139
15375,325,1,61
15377,17,4,1212
15378,97,2,246
15379,35,1,1175
15380,0,7,1789
15381,58,3,1294
15382,9,6,7778
15384,16,2,1385
15385,27,2,625
15387,127,1,469
15389,35,4,2234
15390,31,2,1217
15391,219,1,290
15392,9,3,1376
15393,202,3,659
15394,30,7,3103
15396,218,1,508
15400,55,3,586
15401,87,2,217
15402,22,4,1204
15403,126,2,171
15404,10,1,257
15405,211,1,311
15406,88,2,465
15409,356,1,131
15410,203,2,1235
15413,326,5,6799
15416,113,3,588
15418,60,2,452
15420,69,6,743
15421,20,6,2855
15422,14,5,1522
15423,216,2,223
15424,98,1,214
15425,35,4,1945
15426,4,5,1168
15428,22,3,669
15430,102,2,955
15431,137,1,153
15432,176,1,150
15434,9,6,1526
15437,275,1,193
15439,39,4,1269
15441,31,3,1254
15443,109,7,1939
15445,225,1,171
15446,11,3,407
15447,162,4,338
15448,309,1,294
15451,69,2,233
15452,25,3,1260
15454,253,1,129
15455,232,1,38
15456,38,7,1672
15458,37,1,209
15459,52,2,203
15461,95,2,430
15462,80,1,502
15465,4,15,5301
15466,24,3,1236
15468,27,1,963
15469,73,1,336
15470,210,1,63
15471,15,2,847
15473,79,1,275
15474,230,1,163
15476,15,4,2210
15477,284,1,368
15478,210,1,584
15479,368,1,147
15480,100,4,5374
15481,36,1,1993
15482,21,7,3538
15483,20,6,628
15484,175,2,1062
15485,8,5,3197
15486,162,1,102
15487,314,1,231
15488,91,4,341
15489,35,5,1285
15490,65,1,218
15493,24,4,2313
15494,113,3,2481
15495,14,1,246
15496,266,1,146
15497,17,7,7395
15498,1,19,12723
15499,358,1,162
15501,39,2,402
15502,3,5,3609
15503,361,1,120
15504,155,3,371
15506,16,3,1061
15509,15,1,167
15512,25,2,211
15513,0,18,12992
15514,14,7,2459
15515,22,1,172
15518,14,7,2276
15519,18,2,345
15521,35,8,4106
15523,23,15,16948
15524,241,1,151
15525,8,2,470
15527,29,15,3146
15529,1,2,1117
15530,147,1,311
15532,11,6,2191
15534,360,1,162
15535,39,2,551
15536,44,1,259
15538,172,6,3358
15540,10,1,247
15542,147,3,918
15543,94,1,115
15544,7,12,4616
15545,6,1,135
15546,241,2,1079
15547,11,12,5200
15548,230,1,158
15549,56,5,653
15550,13,8,1643
15551,29,6,1274
15552,258,1,162
15555,0,22,7307
15558,274,1,214
15559,203,1,1109
15560,32,2,154
15561,18,4,1134
15562,59,2,539
15563,149,3,1467
15564,98,2,71
15566,27,2,228
15569,25,5,2211
15570,4,14,5146
15571,21,10,3401
15572,15,3,1516
15573,253,3,600
15574,7,3,816
15575,254,1,30
15577,358,2,139
15579,18,3,954
15580,11,8,1381
15581,1,26,4115
15583,11,1,108
15584,34,2,552
15586,227,3,1139
15587,27,3,608
15588,312,1,580
15590,17,5,1497
15591,217,3,218
15595,122,1,358
15596,0,5,1723
15597,210,1,239
15598,62,1,307
15599,80,1,488
15600,63,4,1199
15601,7,17,8184
15602,3,8,1933
15603,283,1,40
15605,8,5,739
15606,25,8,2311
15607,178,8,1604
15608,50,1,692
15611,18,13,1406
15613,245,1,434
15614,72,4,3147
15615,25,24,10974
15616,73,1,317
15617,31,3,829
15620,44,1,389
15622,62,8,4143
15623,28,7,2136
15625,11,5,1702
15626,56,1,392
15627,92,2,567
15628,1,9,2782
15629,85,4,2241
15630,279,1,295
15631,277,1,597
15633,144,13,4352
15634,18,1,311
15635,30,1,100
15636,72,2,720
15637,48,4,574
15638,13,6,2265
15639,86,2,640
15640,7,15,11442
15641,31,8,3458
15642,364,1,106
15645,49,2,443
15646,7,3,527
15647,50,1,169
15649,2,3,1354
15650,156,2,554
15651,55,2,613
15652,22,4,1083
15658,7,4,1399
15659,21,2,226
15660,0,7,1212
15661,14,6,906
15662,296,2,284
15664,84,3,868
15665,46,3,1773
15666,107,2,633
15670,191,1,152
15672,360,1,45
15673,86,5,3534
15674,52,8,4502
15675,39,1,218
15677,56,2,648
15678,30,2,1541
15680,1,8,3174
15681,14,9,1564
15682,234,2,318
15683,108,1,331
15684,182,3,174
15685,85,1,56
15686,55,1,90
15688,53,1,191
15689,252,1,267
15691,29,3,434
15693,294,1,38
15694,0,12,4331
15695,232,2,721
15696,58,5,1170
15697,324,1,247
15698,259,1,46
15702,111,2,140
15704,137,2,1524
15708,4,3,1014
15709,224,1,195
15710,52,1,899
15711,191,2,420
15712,14,7,2400
15713,1,3,654
15714,88,3,454
15715,190,5,658
15716,4,8,1938
15717,56,4,457
15718,175,1,294
15719,16,18,5177
15720,185,1,143
15722,80,6,3036
15723,46,3,745
15724,35,1,93
15726,25,1,322
15727,22,8,4267
15728,14,2,545
15729,35,2,108
15730,16,2,606
15731,188,1,125
15732,7,9,1388
15734,71,2,924
15735,56,1,328
15736,70,2,1816
15738,7,26,8561
15741,93,2,209
15742,254,1,157
15747,10,6,1589
15748,84,2,465
15750,1,12,4332
15751,95,11,1380
15752,7,3,1570
15754,128,6,2579
15755,14,11,3629
15757,21,4,2226
15759,146,4,578
15760,265,2,13916
15761,77,1,143
15764,69,2,1223
15765,301,1,371
15766,91,2,516
15768,111,31,14979
15769,6,21,32452
15770,247,1,321
15771,239,3,1007
15772,53,1,281
15773,44,1,139
15774,53,5,1059
15775,266,1,46
15777,31,3,716
15778,66,1,308
15779,98,2,124
15782,65,1,1399
15784,102,2,848
15785,14,11,3641
15786,52,2,3583
15788,143,1,222
15789,66,5,1611
15791,164,3,1996
15792,34,2,934
15793,13,5,1434
15794,371,2,777
15795,65,7,1370
15796,9,9,2464
15797,216,2,614
15798,127,3,1535
15799,53,1,540
15800,88,5,544
15803,80,3,1514
15805,20,13,4661
15807,43,2,914
15808,4,18,14675
15809,94,2,759
15810,21,4,1607
15811,0,2,1672
15812,70,7,3400
15814,28,2,689
15816,177,2,144
15817,55,3,2766
15818,223,1,340
15819,66,6,2029
15822,128,4,955
15823,7,3,3882
15824,88,2,891
15826,203,1,944
15827,7,16,1958
15828,10,1,1109
15833,372,1,80
15834,11,3,1539
15837,120,1,385
15838,2,16,40520
15841,21,5,1518
15842,28,2,549
15845,171,3,715
15846,20,1,107
15847,63,3,433
15848,256,1,140
15850,11,4,820
15851,161,1,110
15852,161,1,97
15854,11,9,2609
15855,111,1,340
15856,0,26,17833
15857,65,1,273
15858,2,9,2522
15859,67,1,438
15860,3,10,1528
15861,91,4,1236
15862,8,10,2095
15863,252,3,290
15864,16,1,244
15865,48,2,1354
15867,4,17,5251
15868,218,1,95
15869,261,1,174
15870,31,3,509
15871,72,1,33
15872,13,2,435
15873,134,4,314
15874,22,14,6879
15875,281,1,112
15876,44,2,1449
15878,196,2,331
15879,39,4,1157
15880,4,1,343
15882,3,6,980
15884,67,2,250
15885,18,12,1572
15886,51,3,872
15887,41,3,1027
15888,35,2,261
15889,4,7,1359
15890,29,5,536
15892,304,1,128
15893,116,1,305
15894,4,1,157
15898,2,22,4207
15899,3,1,56
15900,48,3,549
15901,86,4,339
15902,15,1,145
15903,13,5,3813
15905,178,1,115
15906,9,3,988
15908,125,2,765
15910,35,7,1450
15911,258,8,1702
15912,71,7,810
15913,169,1,6
15914,13,2,206
15915,36,1,429
15916,1,7,1899
15917,241,4,438
15918,266,1,249
15919,3,1,271
15920,59,5,404
15921,31,3,466
15922,8,1,370
15923,7,1,127
15924,366,1,103
15926,177,1,134
15927,282,1,123
15928,291,1,294
15929,279,1,594
15931,63,1,240
15934,52,2,2191
15936,14,2,283
15938,91,4,330
15939,9,1,2945
15941,272,1,405
15943,284,2,271
15944,28,3,1839
15945,0,4,646
15946,137,3,2304
15948,59,1,554
15950,10,6,5415
15951,16,1,305
15953,4,11,2010
15954,224,1,191
15955,7,9,4242
15956,186,2,618
15957,55,2,501
15958,38,3,389
15959,317,3,579
15960,9,4,411
15961,14,1,451
15962,84,1,296
15964,298,1,273
15965,2,10,2167
15966,85,1,427
15967,14,10,2623
15968,23,1,418
15969,60,2,461
15970,233,1,703
15971,20,6,1703
15972,91,5,1810
15973,1,3,681
15976,45,4,1316
15978,67,2,2181
15979,237,1,329
15980,125,4,4195
15981,36,13,5954
15982,240,1,325
15983,0,6,2484
15984,3,21,5922
15985,71,5,1573
15986,16,1,186
15987,3,2,231
15988,186,2,612
15989,10,2,373
15990,129,5,1218
15991,169,1,151
15992,31,2,855
15994,46,2,775
15995,49,1,696
15996,1,2,626
15998,28,11,5218
15999,370,1,20
16001,16,1,583
16002,260,1,169
16003,16,5,2878
16004,109,5,2146
16005,10,6,1821
16006,22,1,246
16007,18,3,1373
16008,17,12,4905
16010,11,8,1317
16011,1,14,2518
16012,36,2,1574
16013,6,39,20316
16014,43,2,468
16016,1,4,1025
16017,52,4,1342
16018,31,2,289
16019,16,18,13680
16021,30,2,532
16024,46,2,233
16027,92,9,1114
16028,230,1,82
16029,7,47,41184
16032,91,6,1970
16033,4,8,2020
16034,29,3,491
16035,195,1,218
16036,59,2,1798
16037,179,2,654
16039,58,2,456
16040,65,4,1103
16042,14,3,1068
16043,14,4,1083
16044,70,1,341
16045,51,4,2094
16046,197,1,236
16047,317,1,107
16048,8,4,819
16049,10,3,788
16050,18,2,163
16051,316,1,188
16053,48,4,2123
16054,53,3,1328
16057,154,3,1592
16058,41,1,63
16059,2,7,1758
16060,35,3,542
16061,66,1,90
16062,14,4,1710
16064,360,1,111
16065,0,8,2011
16067,197,3,3395
16068,228,1,123
16069,52,1,458
16071,162,3,751
16072,63,3,3745
16074,25,1,265
16075,137,2,737
16077,260,1,2300
16078,304,1,284
16080,20,2,385
16081,1,4,1653
16082,305,1,107
16083,17,2,1034
16085,15,7,1362
16086,2,6,1744
16087,24,5,1740
16088,210,2,1437
16089,21,2,271
16090,259,1,206
16092,139,3,770
16094,10,7,2617
16095,91,1,447
16096,51,3,1264
16098,8,8,2442
16099,52,4,841
16100,97,1,583
16101,69,3,1938
16103,24,16,4762
16104,53,8,2476
16105,73,4,2049
16108,69,3,1393
16109,333,1,328
16110,157,1,482
16111,63,1,562
16115,32,4,907
16117,37,2,422
16118,287,1,4376
16119,29,6,1297
16120,57,2,1748
16121,25,3,610
16122,1,3,317
16124,53,3,1523
16125,2,14,4298
16126,14,11,8359
16127,361,1,145
16128,15,6,1921
16129,42,3,1396
16130,57,4,987
16131,10,6,6451
16132,179,2,664
16133,11,23,8403
16134,58,3,1527
16135,218,1,302
16136,298,1,237
16137,315,1,423
16138,13,3,910
16139,357,2,476
16140,6,2,832
16141,52,1,336
16143,4,7,2486
16145,23,8,3006
16146,83,1,212
16147,35,4,2024
16148,71,1,310
16149,64,1,142
16150,7,6,2343
16153,55,6,3309
16155,16,5,797
16156,17,11,3096
16158,157,9,628
16159,105,3,885
16161,3,25,7256
16163,0,5,1993
16165,140,1,80
16166,63,2,436
16167,49,5,1386
16168,4,40,6849
16170,30,14,4984
16172,108,3,744
16174,126,4,1237
16175,106,3,799
16176,56,4,2053
16177,71,7,1915
16178,36,1,415
16180,113,5,5996
16182,73,5,3354
16183,29,3,739
16185,199,1,115
16186,7,15,5019
16188,43,1,106
16190,29,7,2508
16191,10,11,10508
16192,370,1,351
16193,45,1,316
16194,10,1,309
16195,358,1,323
16196,123,1,93
16197,104,9,2017
16198,72,1,629
16199,27,7,943
16200,17,10,4563
16201,50,1,249
16202,52,8,2137
16203,7,3,522
16204,15,2,539
16205,31,3,1069
16206,22,9,2065
16208,29,8,2776
16209,17,4,1884
16210,3,19,17403
16211,56,2,544
16212,253,2,603
16214,70,1,976
16218,8,7,1355
16219,135,1,41
16221,2,7,1371
16222,356,1,498
16223,9,2,1102
16224,22,1,321
16225,37,10,1771
16226,13,2,417
16227,129,2,713
16228,20,3,891
16229,16,4,1857
16231,14,4,1078
16232,55,3,1722
16233,1,7,1429
16234,111,3,333
16235,10,4,1186
16237,72,1,137
16238,57,1,64
16239,17,4,1078
16241,4,4,1721
16242,16,7,3871
16244,7,1,1057
16246,94,2,827
16250,8,2,402
16251,147,1,128
16252,17,1,295
16253,55,5,3626
16254,13,3,985
16255,0,8,2287
16256,128,2,877
16258,22,10,6739
16259,45,3,362
16261,21,2,313
16262,13,1,755
16263,58,1,351
16264,73,2,838
16265,21,3,1488
16266,58,7,896
16267,226,1,187
16269,72,1,718
16271,92,5,2034
16273,283,2,336
16274,8,1,358
16275,109,2,1591
16276,114,2,1819
16277,368,1,189
16278,115,2,551
16279,20,6,4196
16280,360,1,238
16281,58,2,1362
16282,122,2,1139
16283,53,3,2833
16284,28,1,206
16285,281,1,177
16286,112,2,329
16287,11,4,864
16288,105,1,130
16289,97,1,136
16290,99,4,2069
16291,317,1,118
16292,15,4,952
16293,2,6,2409
16294,111,1,126
16296,261,4,1314
16298,32,4,488
16299,112,1,194
16300,65,3,1392
16301,371,1,107
16303,27,4,2568
16304,329,1,382
16306,2,2,561
16307,64,3,1195
16308,41,3,2560
16310,49,2,460
16312,67,1,171
16314,24,3,1491
16315,171,1,176
16316,15,5,2806
16317,185,2,851
16320,88,4,4591
16321,261,2,231
16323,212,1,146
16325,59,9,3003
16326,18,10,1716
16327,4,11,6887
16328,198,1,311
16329,62,4,1703
16330,59,4,382
16331,67,6,2038
16332,66,4,417
16334,127,1,277
16335,186,7,2774
16336,55,4,3518
16340,74,2,977
16341,72,3,1879
16343,42,1,317
16344,144,3,741
16345,118,1,623
16346,20,1,225
16347,23,9,2622
16348,65,1,329
16350,9,5,1137
16351,46,12,3176
16353,4,16,3324
16354,14,3,734
16355,10,1,416
16356,11,3,204
16357,16,1,209
16358,29,1,892
16359,11,7,947
16362,72,1,212
16365,2,7,1767
16366,217,3,1221
16367,18,1,558
16368,70,1,143
16369,71,4,1111
16371,83,1,157
16372,44,3,961
16373,17,2,309
16374,37,3,1298
16375,105,2,104
16377,252,1,632
16381,30,2,259
16382,43,2,353
16383,31,5,2306
16384,64,2,774
16385,1,3,475
16386,22,1,785
16387,30,4,824
16388,288,1,186
16390,171,3,468
16391,35,4,1104
16392,48,2,542
16393,4,11,2515
16395,28,9,2051
16396,111,1,138
16397,263,1,128
16399,24,1,233
16400,30,8,2856
16401,14,11,2751
16402,4,1,212
16406,85,2,390
16407,24,4,695
16408,226,1,232
16409,15,7,3680
16410,369,1,130
16411,4,3,696
16412,28,4,495
16413,10,1,267
16414,66,3,433
16415,218,2,509
16416,25,6,1921
16417,127,1,36
16418,43,2,427
16419,212,2,515
16420,31,1,75
16421,11,3,526
16422,4,59,28967
16424,17,1,310
16428,48,3,660
16430,16,6,817
16433,43,1,200
16434,81,5,1219
16435,147,3,1012
16436,303,3,329
16437,16,2,301
16439,357,1,311
16440,128,1,216
16441,52,3,653
16442,239,2,283
16443,155,1,162
16444,25,13,3002
16445,21,3,372
16447,225,2,516
16448,106,1,179
16450,219,2,1194
16451,196,2,746
16452,265,2,332
16453,165,2,252
16454,241,2,24
16455,6,6,2543
16456,8,9,4705
16458,10,12,2233
16459,364,1,72
16461,225,2,1464
16465,55,2,746
16466,18,8,2235
16467,143,7,2869
16468,105,2,713
16469,149,1,178
16470,31,7,1696
16471,28,3,966
16472,69,2,790
16473,9,1,155
16476,66,1,350
16477,6,5,1826
16481,317,1,453
16485,67,4,1931
16486,172,1,134
16487,212,2,209
16489,15,2,304
16490,71,1,205
16491,48,1,802
16492,175,1,386
16493,79,3,780
16496,66,3,731
16497,48,17,3730
16499,9,6,2213
16500,9,3,443
16501,18,1,1237
16502,255,2,266
16503,30,7,2182
16507,207,1,153
16508,265,1,249
16510,7,6,1852
16511,32,3,869
16515,14,5,1589
16518,56,2,475
16519,0,3,341
16520,0,4,1436
16521,50,3,1148
16522,70,2,433
16523,50,7,2498
16524,81,2,308
16525,1,23,11555
16526,219,1,427
16527,59,1,1044
16529,112,3,1557
16530,303,1,48
16531,16,4,1054
16532,66,2,2008
16534,277,1,636
16535,20,2,408
16537,276,1,23
16538,176,3,400
16539,8,7,2343
16540,49,1,227
16541,370,1,424
16542,36,1,138
16543,226,1,292
16544,154,4,377
16545,10,1,351
16546,7,4,4819
16547,181,1,112
16548,234,1,30
16549,32,24,9028
16550,3,14,7136
16551,58,4,1315
16552,8,1,95
16553,31,21,10924
16554,21,5,2005
16555,140,4,1630
16556,10,10,4699
16558,1,19,5535
16559,32,1,185
16560,32,6,2207
16562,111,1,224
16563,35,5,3345
16564,204,1,88
16565,41,3,599
16568,62,2,1021
16569,266,4,1331
16570,14,10,3696
16571,30,7,2827
16574,58,2,850
16576,55,2,541
16577,301,1,380
16578,261,1,157
16579,60,1,295
16583,8,2,298
16584,67,3,2228
16585,228,2,342
16586,79,2,999
16588,21,4,1361
16589,85,1,153
16590,35,2,606
16592,10,12,3694
16593,25,5,741
16595,11,4,1450
16596,1,3,329
16599,20,1,173
16600,9,7,1340
16601,25,2,439
16602,23,1,235
16604,197,2,432
16605,359,1,60
16606,39,2,358
16607,34,11,2359
16608,88,2,1289
16611,38,5,1656
16612,14,5,2058
16614,37,2,674
16615,261,1,292
16619,18,3,1712
16620,24,4,1580
16622,178,1,225
16623,36,3,886
16625,57,4,1321
16628,42,2,130
16630,42,1,107
16631,116,7,1893
16632,120,2,406
16634,7,5,1597
16635,41,1,473
16636,73,4,3802
16638,3,6,750
16639,44,1,490
16640,32,1,179
16641,336,1,323
16642,50,1,389
16643,57,1,436
16645,370,1,160
16646,84,1,679
16647,77,2,328
16648,90,2,382
16649,155,1,307
16650,55,6,1398
16651,221,1,136
16652,39,9,10776
16654,3,5,1110
16655,46,7,2754
16656,55,15,8207
16658,3,6,691
16660,57,3,612
16661,175,4,987
16662,29,1,164
16663,364,1,165
16664,204,1,109
16666,256,1,107
16668,22,7,556
16670,28,9,3934
16673,314,1,189
16675,76,2,609
16676,37,2,770
16677,46,2,881
16679,1,3,663
16680,163,2,638
16681,276,1,152
16683,168,1,320
16684,14,27,80489
16686,24,9,2008
16687,25,1,158
16690,28,2,127
16691,53,2,179
16692,43,2,639
16693,46,3,717
16694,358,1,98
16695,196,2,193
16699,15,7,995
16700,1,13,4091
16701,58,13,4518
16702,50,4,1111
16704,253,2,696
16705,35,22,29480
16707,35,4,551
16709,14,9,6058
16710,3,13,3866
16711,14,4,1217
16712,36,2,622
16713,1,18,7638
16714,305,1,368
16715,197,1,324
16716,265,1,1248
16717,1,9,3128
16718,4,5,3024
16719,3,8,2183
16720,11,2,640
16722,1,11,4258
16723,78,2,712
16724,39,1,147
16725,6,8,1101
16726,18,2,706
16727,27,3,1165
16731,283,1,174
16732,38,3,3784
16733,164,1,260
16735,28,9,3970
16736,140,5,2957
16737,212,1,418
16739,171,1,463
16740,30,1,237
16741,260,1,173
16742,127,13,2388
16743,91,7,2015
16746,18,24,11369
16748,23,9,2121
16749,226,2,4387
16752,7,1,208
16754,7,29,65500
16755,102,4,1404
16756,39,6,1073
16757,44,1,164
16760,65,1,228
16763,373,1,353
16765,17,1,421
16767,53,4,2493
16768,18,6,1230
16769,113,3,761
16770,7,5,1162
16771,92,5,1721
16772,58,3,3724
16773,71,2,250
16774,58,4,933
16775,2,6,1361
16776,50,1,232
16777,48,3,1081
16779,1,32,22639
16780,42,1,180
16781,7,2,623
16782,0,26,8159
16783,71,1,392
16784,11,4,789
16785,44,1,534
16786,28,1,52
16787,32,4,1035
16788,39,3,1353
16791,18,8,2317
16792,18,3,513
16794,15,5,868
16795,0,3,2078
16797,28,5,1828
16798,189,3,849
16799,67,2,496
16802,314,2,583
16805,212,3,637
16807,105,3,1002
16809,67,4,813
16810,55,1,532
16812,13,3,1913
16814,4,16,5991
16815,88,2,411
16817,3,5,1200
16819,100,2,183
16821,16,1,113
16822,321,1,181
16823,22,6,1902
16824,28,1,226
16825,13,3,1052
16827,28,5,392
16829,23,1,316
16830,77,3,882
16831,199,1,92
16832,63,2,218
16833,74,2,1303
16834,309,1,486
16835,8,5,1358
16836,41,2,530
16838,165,2,571
16839,4,11,5716
16840,238,2,140
16841,63,6,2136
16843,57,19,9375
16844,197,2,614
16845,253,1,254
16846,212,2,628
16847,253,1,421
16848,11,3,1130
16854,52,2,1409
16856,52,2,323
16857,77,1,353
16858,3,10,4293
16859,51,5,1185
16860,87,3,1611
16861,25,3,773
16862,182,4,662
16863,1,2,496
16864,69,2,409
16865,36,1,131
16867,324,1,77
16868,29,3,393
16870,104,1,450
16872,62,3,533
16873,64,6,7494
16874,14,1,218
16875,72,6,2139
16876,38,1,136
16880,128,1,322
16883,6,18,2120
16884,191,2,644
16885,20,1,239
16886,91,1,134
16887,35,2,466
16888,35,3,437
16889,32,3,952
16890,111,3,285
16891,6,7,1247
16892,189,2,237
16893,1,2,256
16894,137,3,1324
16895,73,4,902
16896,190,1,104
16898,3,3,508
16899,13,2,439
16901,364,1,204
16903,15,2,689
16904,2,7,1378
16905,6,11,1932
16906,63,3,869
16907,0,5,726
16908,357,1,253
16911,270,2,255
16912,56,4,1905
16913,286,2,310
16915,21,5,922
16916,7,3,547
16917,267,1,1466
16918,57,10,2144
16919,3,14,2529
16920,46,1,355
16921,77,2,277
16922,207,1,611
16923,10,13,6131
16925,175,1,126
16926,6,5,1191
16928,8,13,1266
16931,4,3,629
16932,58,2,279
16933,24,7,2618
16934,18,4,1160
16935,16,3,535
16936,20,1,288
16937,134,1,202
16938,16,5,4307
16939,123,3,449
16940,85,5,3378
16941,246,1,33
16943,174,2,483
16944,244,1,101
16945,28,14,4203
16946,18,5,1222
16947,97,4,549
16948,64,4,434
16950,2,8,2606
16952,76,3,631
16954,14,11,3997
16955,3,4,791
16958,70,1,809
16960,25,5,1536
16961,23,2,560
16962,44,1,251
16964,368,2,208
16970,261,1,71
16972,17,2,786
16973,21,1,127
16974,157,2,366
16975,58,3,926
16977,30,4,496
16978,301,2,425
16979,18,3,1008
16980,63,1,394
16983,4,5,1779
16984,39,7,6273
16985,11,13,5459
16986,80,9,3016
16987,11,4,911
16988,14,1,257
16990,57,1,165
16991,56,1,1041
16992,22,8,3862
16993,98,2,1951
16996,17,3,667
16998,79,1,107
17000,31,2,406
17001,11,8,2651
17002,78,4,1078
17003,37,4,830
17004,27,2,1012
17005,105,2,742
17006,27,4,855
17007,72,1,230
17008,64,1,81
17009,186,1,242
17011,282,2,401
17012,360,1,384
17016,211,1,552
17017,0,13,5416
17018,22,4,1368
17019,3,8,2740
17020,177,2,936
17021,77,6,1182
17022,67,1,189
17023,52,3,800
17025,8,4,1153
17026,4,2,54
17027,81,3,437
17028,216,3,1594
17029,17,5,1421
17031,13,4,2394
17032,182,8,3005
17033,32,1,303
17034,44,2,538
17035,226,2,180
17036,18,1,177
17038,50,1,631
17039,239,1,1955
17040,185,1,14
17041,32,3,605
17043,10,4,881
17044,9,11,11014
17045,11,2,488
17046,79,4,1264
17047,66,3,1188
17048,72,4,1146
17049,10,10,4288
17050,10,5,1463
17051,81,3,467
17055,80,1,240
17056,373,1,129
17057,231,1,295
17059,4,5,2507
17062,0,4,670
17063,42,6,2177
17065,272,2,195
17066,361,1,228
17067,359,3,455
17068,3,27,4609
17069,8,6,3085
17070,45,1,133
17071,16,4,1372
17072,260,1,282
17074,197,1,203
17075,64,6,1408
17076,27,3,402
17077,213,1,306
17080,14,5,670
17081,30,4,674
17082,29,4,2728
17083,44,6,2644
17084,31,1,2253
17085,11,23,6325
17087,372,1,222
17089,21,1,128
17090,9,6,1106
17091,2,11,3983
17092,72,7,3817
17093,227,1,236
17094,58,1,100
17095,65,4,1248
17096,18,7,2737
17097,0,2,386
17098,16,3,591
17099,168,1,582
17101,29,3,885
17103,357,1,424
17104,58,1,474
17106,24,1,491
17107,32,4,5260
17108,298,1,175
17109,41,2,410
17110,155,2,347
17111,60,1,228
17112,137,1,205
17113,209,6,2323
17115,183,4,1924
17116,283,1,390
17121,37,1,315
17122,23,3,432
17123,74,2,632
17126,16,4,1066
17127,63,5,1155
17129,155,1,32
17132,87,2,1273
17133,109,5,9730
17134,77,1,212
17135,6,4,814
17136,297,1,232
17137,51,6,1134
17138,24,6,4037
17139,24,13,8916
17141,53,4,754
17142,39,3,705
17143,52,2,924
17145,147,4,3121
17146,70,10,5110
17147,87,5,1485
17149,86,1,143
17150,11,6,1376
17151,370,1,232
17152,60,1,327
17155,162,5,641
17156,126,1,592
17157,115,17,4833
17158,182,2,713
17159,112,2,561
17160,9,11,6691
17161,79,1,856
17163,80,2,407
17165,16,5,1636
17167,14,3,867
17168,133,1,400
17169,213,1,321
17170,9,2,179
17171,296,1,160
17172,65,2,639
17176,161,2,596
17177,140,1,120
17178,366,1,437
17179,17,3,795
17180,57,7,1461
17181,8,2,225
17182,57,2,321
17184,204,2,198
17185,226,3,229
17187,161,1,264
17188,81,6,2119
17189,195,3,573
17190,38,5,1298
17191,3,11,2741
17192,171,1,78
17193,21,2,611
17194,165,1,550
17195,290,1,563
17196,62,1,353
17198,0,2,522
17199,217,1,145
17200,22,4,357
17201,158,3,899
17202,55,1,161
17203,23,4,2012
17204,9,5,3940
17205,51,2,615
17207,287,1,303
17208,30,1,115
17209,284,3,612
17210,27,1,253
17211,4,6,1729
17212,93,2,568
17213,1,7,2401
17215,99,1,186
17216,189,1,65
17217,254,1,104
17218,3,9,2232
17219,51,1,145
17220,52,7,1284
17221,226,3,643
17222,112,5,1251
17223,3,2,447
17224,136,1,101
17225,216,1,131
17226,79,2,507
17227,3,7,1083
17228,2,7,1271
17230,198,10,6287
17231,24,15,4023
17233,83,2,370
17235,7,7,1355
17236,45,6,1013
17237,10,2,687
17238,6,17,4038
17239,22,3,807
17240,231,1,131
17241,20,12,2744
17242,91,3,1754
17243,4,44,12213
17244,18,4,871
17245,324,1,200
17246,181,2,39
17248,116,1,228
17249,63,1,68
17251,17,2,529
17254,36,1,198
17255,25,2,501
17256,116,3,259
17257,71,2,193
17258,31,2,417
17259,3,5,1286
17260,46,1,121
17261,144,1,230
17262,1,7,1504
17264,59,1,280
17266,134,2,207
17268,80,7,970
17269,20,1,537
17270,104,2,604
17271,371,1,210
17273,59,1,141
17274,30,1,465
17275,18,1,115
17276,37,1,508
17278,200,1,25
17280,73,1,119
17281,9,6,798
17282,91,2,636
17283,13,1,188
17284,24,2,1141
17285,263,2,428
17286,35,2,242
17287,2,16,3048
17288,25,4,1080
17289,11,6,1135
17290,16,6,976
17292,107,2,272
17293,29,8,1899
17294,304,2,468
17296,365,1,338
17298,9,3,459
17299,74,2,347
17300,25,2,394
17301,259,1,133
17304,169,1,112
17305,283,1,2135
17306,28,2,1151
17307,30,11,4000
17308,28,2,4512
17309,16,2,248
17310,22,2,1025
17311,27,4,2182
17314,28,9,2377
17315,10,5,3358
17316,55,1,124
17318,360,1,164
17319,304,1,29
17320,3,4,1695
17321,29,4,1040
17322,11,5,923
17323,42,5,645
17324,1,9,1312
17325,45,2,513
17326,43,2,322
17327,44,2,152
17328,308,1,105
17329,366,3,481
17330,179,2,60
17332,163,5,838
17334,41,1,328
17335,18,2,508
17336,107,1,81
17338,10,9,5499
17339,0,2,119
17340,1,8,10052
17341,1,3,1108
17342,14,4,1228
17343,11,5,1066
17344,363,1,308
17345,10,6,1067
17346,8,12,2646
17348,72,4,1317
17349,15,4,742
17350,29,3,620
17351,62,9,1401
17352,331,1,36
17353,126,2,1502
17354,63,3,1750
17355,21,1,285
17356,189,4,768
17358,11,3,500
17359,283,1,157
17360,20,3,646
17361,311,2,392
17362,35,5,712
17363,30,3,941
17364,11,17,7589
17365,21,7,3423
17366,67,2,1096
17368,10,6,913
17369,90,1,979
17371,258,3,239
17372,16,20,3035
17373,53,3,521
17374,30,1,231
17375,66,1,260
17376,39,2,250
17377,0,60,14218
17378,9,1,11
17380,69,3,645
17381,3,12,19727
17382,70,7,837
17383,88,1,111
17384,102,1,171
17386,20,1,126
17388,55,7,1432
17389,9,27,25391
17390,55,1,149
17392,85,1,169
17393,45,2,381
17395,143,1,98
17396,6,7,1476
17397,51,1,537
17400,216,3,2547
17401,176,1,115
17402,4,12,2462
17403,85,1,119
17404,44,8,15874
17406,1,11,2705
17407,46,1,553
17408,135,2,283
17409,56,8,7022
17411,21,2,646
17412,7,10,3159
17413,39,2,560
17414,58,4,1472
17416,28,15,10405
17417,183,1,164
17418,22,1,207
17419,2,8,2274
17420,8,4,486
17421,21,3,1059
17422,16,5,1615
17423,28,1,421
17426,87,7,3041
17428,3,18,14563
17429,31,2,833
17430,0,3,469
17432,20,7,1386
17433,20,1,267
17435,46,1,331
17436,43,3,318
17437,164,1,373
17438,79,4,1034
17439,290,1,326
17440,184,1,137
17441,367,1,293
17442,16,9,2372
17448,132,46,14557
17449,22,6,2430
17450,2,7,52422
17454,97,6,1030
17456,0,2,976
17457,14,9,4247
17458,16,1,213
17460,7,12,1606
17463,195,2,662
17464,157,2,711
17465,60,7,2543
17467,30,1,103
17468,10,1,58
17469,35,12,3180
17470,2,7,1680
17471,109,1,322
17472,263,1,225
17473,43,2,607
17474,234,1,1047
17476,30,2,490
17477,247,2,1144
17478,43,2,1273
17479,267,1,389
17480,79,1,390
17482,122,2,778
17483,49,1,178
17484,211,2,210
17487,363,1,161
17488,276,1,336
17490,23,2,658
17491,2,8,2422
17492,113,2,748
17493,20,1,101
17494,136,1,55
17495,25,1,309
17496,198,3,1142
17497,25,2,287
17499,196,1,719
17504,15,9,6568
17505,185,3,1290
17508,16,7,4192
17510,55,1,206
17511,2,31,84541
17512,87,8,2543
17513,43,2,646
17514,304,1,334
17515,29,5,978
17516,13,1,189
17518,60,2,329
17519,3,10,3265
17521,29,2,555
17524,73,2,394
17525,32,2,739
17526,0,9,2970
17529,245,2,1240
17530,0,3,757
17531,162,2,970
17532,20,1,65
17533,69,1,35
17534,86,4,1445
17536,55,2,288
17539,252,4,1227
17540,18,4,1012
17541,144,1,124
17542,276,2,171
17543,184,1,120
17544,25,3,961
17545,25,3,803
17547,10,2,728
17548,13,3,628
17550,32,6,2280
17552,7,10,2155
17553,107,3,2270
17555,60,3,574
17556,14,1,143
17557,367,1,34
17558,28,1,259
17559,147,1,168
17560,30,4,1041
17561,25,3,555
17563,213,2,392
17565,221,1,132
17567,7,2,1025
17568,268,1,383
17570,16,1,100
17571,177,1,205
17572,8,7,496
17575,302,1,172
17576,0,23,5434
17577,280,2,349
17578,109,6,904
17579,213,1,304
17580,11,2,330
17581,7,20,7713
17582,81,4,1275
17583,195,1,136
17584,102,4,4067
17585,80,3,960
17586,254,1,167
17587,263,1,182
17588,31,4,1699
17589,20,14,11646
17591,2,2,551
17592,373,1,148
17593,44,6,4168
17594,84,2,1505
17596,3,7,2093
17597,53,4,1440
17598,16,1,410
17599,112,1,52
17601,15,1,305
17602,107,8,2348
17603,252,3,1399
17604,57,4,637
17605,225,1,161
17606,372,1,87
17607,11,1,334
17608,84,2,305
17609,37,6,782
17610,175,5,1529
17611,56,13,4388
17612,14,12,3346
17615,22,3,404
17616,2,2,490
17617,193,1,395
17618,18,8,3102
17621,39,3,1795
17622,232,2,1130
17623,44,6,1857
17624,72,2,725
17625,81,4,4021
17626,237,1,254
17627,113,1,296
17629,23,2,641
17631,9,4,470
17633,14,3,733
17635,59,3,1266
17638,282,2,842
17639,22,5,507
17640,14,5,2547
17642,64,3,1112
17643,8,2,440
17644,29,9,3133
17646,0,10,3141
17647,304,2,199
17648,20,1,419
17649,104,2,710
17651,133,6,1759
17655,1,3,1014
17657,65,1,126
17659,7,3,835
17660,372,1,163
17662,296,2,413
17663,52,10,3373
17664,109,2,562
17665,128,1,563
17666,112,3,1320
17667,70,4,1895
17669,97,3,2736
17671,0,2,831
17672,52,5,2600
17673,10,7,2604
17674,3,1,301
17675,2,40,17885
17676,1,5,1378
17677,1,28,20330
17678,238,1,302
17679,156,5,1586
17680,18,2,313
17681,232,5,731
17682,3,6,1982
17683,20,3,819
17685,7,6,2752
17686,58,2,2557
17687,55,1,433
17688,28,1,304
17689,23,2,317
17690,1,8,2690
17691,3,3,490
17692,31,8,2235
17694,146,2,1413
17695,29,3,981
17696,17,19,5394
17699,111,2,442
17700,16,10,4145
17702,18,2,1320
17703,53,1,296
17705,90,2,260
17706,1,17,10245
17707,11,6,457
17708,37,2,621
17709,105,4,534
17710,58,1,294
17713,17,4,1198
17714,59,4,1257
17715,227,1,163
17716,31,13,10301
17717,56,1,377
17718,279,1,300
17720,2,7,1573
17721,294,1,307
17722,1,2,2006
17723,10,1,102
17726,30,7,1092
17728,39,2,1363
17729,231,1,439
17730,17,7,2475
17731,256,2,469
17732,7,8,2166
17734,160,3,742
17735,2,8,4135
17738,30,9,2305
17739,9,11,4939
17740,24,6,427
17741,41,2,101
17742,63,9,1743
17743,83,1,229
17744,15,1,327
17745,112,2,600
17746,106,3,794
17748,162,1,358
17749,181,1,352
17751,56,1,158
17753,99,4,391
17754,9,8,2805
17756,10,3,734
17757,3,28,3817
17758,62,4,1556
17759,28,2,442
17760,8,5,631
17762,91,1,130
17763,288,3,71
17764,37,3,805
17765,83,1,159
17766,16,2,300
17767,45,1,142
17768,22,4,1236
17769,18,7,3105
17771,71,2,142
17772,27,1,202
17773,149,2,585
17774,32,5,2103
17776,21,2,339
17778,296,1,198
17780,302,3,353
17782,17,2,679
17783,147,1,96
17784,185,1,113
17785,80,2,271
17787,6,1,736
17789,296,1,171
17790,13,6,818
17792,102,2,370
17794,321,2,147
17796,4,4,664
17797,30,5,1205
17798,216,1,183
17799,24,10,3286
17801,86,3,798
17802,7,8,3768
17803,27,1,185
17804,11,3,385
17805,245,1,415
17807,30,3,438
17808,183,4,263
17809,6,11,5925
17810,303,2,375
17811,9,8,1772
17812,3,4,434
17814,10,2,1617
17815,28,1,592
17816,0,3,76
17817,13,3,420
17818,372,1,130
17819,6,6,2908
17820,9,1,184
17821,41,1,335
17822,55,5,2188
17823,56,2,494
17825,233,4,732
17826,9,1,135
17827,256,1,393
17829,44,4,3868
17833,358,1,342
17834,49,2,730
17838,0,10,3944
17840,78,1,186
17841,0,91,29892
17842,237,1,431
17843,46,1,121
17845,190,4,598
17847,150,2,130
17848,52,21,2750
17849,115,4,458
17850,7,155,51209
17851,57,6,1563
17852,23,3,549
17853,42,3,1608
17854,97,4,760
17855,7,1,209
17857,0,2,1803
17858,4,19,7642
17860,3,4,763
17861,20,10,3027
17862,20,3,948
17863,4,7,2585
17864,20,2,327
17865,10,26,15848
17866,119,2,805
17867,45,9,424
17868,21,1,235
17869,3,3,608
17870,1,2,1214
17871,32,4,963
17872,16,1,236
17873,8,14,4657
17875,323,1,167
17876,34,3,3424
17878,30,2,1033
17880,274,2,366
17882,14,2,313
17883,174,3,324
17884,3,18,2355
17886,72,3,709
17888,9,17,1094
17889,9,5,571
17894,1,11,1334
17897,2,8,2018
17898,87,2,147
17901,156,2,150
17902,181,1,216
17903,29,1,381
17905,8,10,1583
17907,275,1,292
17908,8,5,1168
17909,372,1,133
17910,361,1,262
17912,10,1,64
17913,35,12,3068
17915,186,1,242
17916,263,2,44
17918,135,3,396
17919,73,1,536
17920,3,39,20312
17921,14,6,1597
17922,178,1,170
17923,162,2,290
17924,8,2,574
17925,7,1,244
17926,79,3,638
17927,356,1,294
17928,206,1,129
17929,22,8,2239
17930,28,8,2535
17931,32,12,3029
17933,267,1,115
17934,41,1,345
17935,35,5,540
17938,55,1,144
17940,80,6,26287
17941,225,3,1129
17944,58,1,75
17945,331,3,360
17949,6,74,60118
17950,0,6,951
17951,8,2,628
17952,13,4,820
17953,175,1,161
17954,2,9,1633
17955,290,2,393
17958,363,1,465
17959,227,1,141
17960,157,2,61
17961,7,62,1699
17962,184,3,585
17963,106,4,652
17964,7,1,262
17965,0,17,4618
17966,226,5,876
17967,6,2,234
17968,8,4,611
17969,137,18,2142
17971,183,1,162
17974,16,3,1117
17975,1,12,2540
17976,7,1,353
17977,35,1,1277
17978,0,4,1161
17980,28,1,222
17981,45,1,239
17982,315,1,138
17983,30,1,172
17984,27,4,1039
17987,11,4,805
17988,122,7,288
17989,14,1,229
17990,15,3,897
17991,226,1,227
17992,24,1,254
17993,252,1,235
17994,23,7,1635
17995,17,2,419
17996,14,3,482
17998,15,3,639
17999,1,2,349
18000,199,1,124
18001,84,4,537
18002,10,4,250
18003,11,1,359
18006,16,3,553
18007,27,1,220
18008,50,14,17671
18009,177,7,1898
18011,8,2,424
18012,358,1,115
18016,45,2,477
18017,66,1,165
18018,34,2,176
18020,178,1,190
18021,144,2,227
18022,20,4,984
18025,14,6,1178
18026,135,2,2074
18028,218,1,192
18029,277,1,434
18031,13,1,462
18034,10,1,371
18035,20,2,546
18036,20,8,1158
18037,56,9,97
18038,191,1,149
18039,9,4,579
18041,0,20,4569
18042,176,1,116
18043,1,1,316
18044,22,8,1417
18046,284,1,190
18047,16,2,343
18048,128,1,229
18049,72,2,557
18050,28,1,338
18051,269,7,2282
18052,199,1,10877
18053,160,2,271
18054,27,1,176
18055,2,6,4411
18056,253,1,191
18057,28,3,1204
18058,176,2,604
18060,43,2,1185
18061,1,19,4370
18062,21,3,912
18063,25,2,187
18064,81,9,3681
18065,23,15,3474
18066,21,2,1122
18069,18,6,2504
18070,304,1,314
18071,0,5,976
18074,8,2,1019
18075,9,10,3172
18076,15,1,151
18077,1,8,1706
18078,60,2,508
18079,126,1,591
18083,32,1,471
18084,18,2,722
18085,8,3,956
18087,14,15,10706
18089,81,1,428
18090,56,1,349
18091,228,1,361
18092,0,8,7111
18093,79,4,2346
18094,81,6,3374
18095,62,3,1723
18096,77,3,894
18097,20,5,1966
18098,31,1,551
18100,185,1,452
18101,9,3,406
18102,0,89,349164
18103,184,1,106
18106,111,5,1031
18107,77,1,167
18108,231,2,578
18109,4,13,1841
18110,46,1,199
18111,224,1,406
18112,53,2,423
18113,3,1,76
18115,332,1,10
18116,11,5,736
18118,4,4,1079
18119,2,1,181
18123,148,1,95
18124,107,1,112
18127,38,1,213
18128,172,1,420
18131,266,1,223
18132,139,1,227
18134,233,2,445
18135,27,5,568
18136,44,2,847
18137,186,2,146
18140,108,1,536
18141,36,2,882
18144,8,8,2169
18145,17,7,2756
18148,281,1,114
18149,39,4,1013
18151,55,4,1226
18152,281,1,427
18153,294,1,246
18154,23,3,533
18156,4,1,206
18157,206,1,215
18160,21,1,366
18161,14,1,184
18162,367,1,379
18163,219,1,729
18166,258,1,176
18168,7,11,2600
18170,9,6,1898
18171,105,4,1206
18172,22,32,9918
18173,247,1,590
18174,238,1,58
18175,310,1,176
18177,195,3,875
18178,37,7,4513
18179,157,2,754
18181,35,4,823
18182,98,1,291
18186,357,1,330
18187,266,1,725
18188,65,3,1280
18189,260,1,313
18190,238,3,461
18191,112,1,322
18193,15,2,964
18194,73,5,3188
18195,22,1,101
18196,106,2,775
18197,210,1,230
18199,318,1,345
18201,357,1,448
18203,16,3,344
18206,188,1,315
18207,134,1,544
18208,200,1,360
18210,17,1,147
18212,312,1,298
18214,165,4,1780
18215,72,4,1948
18217,148,2,323
18218,231,2,480
18219,3,8,1493
18220,29,5,1616
18221,25,1,383
18223,22,12,7516
18225,0,15,7545
18226,13,15,6651
18227,119,1,295
18229,1,10,3527
18230,13,2,1481
18231,41,23,4798
18234,186,1,180
18236,23,6,913
18238,150,1,271
18239,7,2,589
18241,50,4,914
18242,80,4,1373
18243,49,1,516
18244,65,2,569
18245,14,13,3758
18246,244,1,163
18247,49,3,840
18251,80,8,21964
18252,183,5,1015
18253,277,1,318
18254,216,1,268
18255,91,1,200
18256,22,1,111
18257,81,4,2263
18258,99,6,2060
18259,1,5,1980
18260,9,17,7319
18262,28,2,428
18264,133,1,603
18266,69,1,251
18267,307,1,269
18268,226,5,1465
18269,1,1,169
18270,67,1,161
18271,244,2,681
18272,183,3,1307
18273,225,1,153
18275,213,2,742
18276,27,5,1321
18277,32,4,1070
18278,39,1,240
18279,154,1,231
18280,29,1,308
18281,212,1,120
18283,17,6,642
18284,66,1,462
18285,295,1,427
18286,111,2,1296
18287,17,4,2346
